,Supplier_Lead_Time,Inventory_Levels,Order_Frequency,Delivery_Performance,Cost_Per_Unit
Supplier_Lead_Time,1.0,0.19966884850411182,-0.9245582718999931,-0.921601680910576,0.9619842764672425
Inventory_Levels,0.19966884850411182,1.0,-0.2462181642654198,-0.28242582193840843,0.24345924984018774
Order_Frequency,-0.9245582718999931,-0.2462181642654198,1.0,0.8773641909429256,-0.9008072503898155
Delivery_Performance,-0.921601680910576,-0.28242582193840843,0.8773641909429256,1.0,-0.9359701642286018
Cost_Per_Unit,0.9619842764672425,0.24345924984018774,-0.9008072503898155,-0.9359701642286018,1.0
